titulo,contenido,fuente,fecha,cluster,menores_identificados
"Primer revés de la SCJN a impugnación presidencial, sobre datos de marinos","La llamada nueva Suprema Corte de Justicia de la Nación (SCJN) dio ayer su primer revés a un recurso de revisión en materia de seguridad nacional promovido en 2022 por la Consejería Jurídica de la Presidencia de la República, entonces encabezada por la hoy ministra María Estela Ríos González. En la sesión, la propia togada fue declarada legalmente impedida para intervenir en el asunto.",https://www.jornada.com.mx/rss/politica.xml,"Tue, 23 Sep 2025 09:31:12 GMT",0,No
Pasa al pleno de San Lázaro reforma para que Senado avale ascensos en la GN,"La Comisión de Puntos Constitucionales de la Cámara de Diputados aprobó anoche la reforma que da al Senado la facultad de ratificar los ascensos de mandos superiores de la Guardia Nacional (GN) que lleve a cabo la titular del Ejecutivo, como ya sucede con grados militares y navales.",https://www.jornada.com.mx/rss/politica.xml,"Tue, 23 Sep 2025 09:31:12 GMT",0,No
Encuentran en Nuevo León caso de gusano barrenador del ganado,"El Servicio Nacional de Sanidad, Inocuidad y Calidad Agroalimentaria (Senasica) interceptó en Nuevo León un animal con gusano barrenador del ganado (GBG), el cual atendió de manera inmediata a fin de evitar que se presente un brote en esa entidad.",https://www.jornada.com.mx/rss/politica.xml,"Tue, 23 Sep 2025 09:31:12 GMT",0,No
"Alicia Bárcena llama a “abandonar modelos extractivistas” en Semana del Clima, en NY","El cambio climático es el mayor desafío de nuestro tiempo, pero también la oportunidad histórica de transformar nuestras sociedades hacia la justicia, la sostenibilidad y la paz, señaló Alicia Bárcena, titular de la Secretaria de Medio Ambiente y Recursos Naturales (Semarnat), quien participó en la ceremonia de apertura de la Semana del Clima 2025, en Nueva York, en el marco del 80 periodo de sesiones de la Asamblea General de Naciones Unidas.",https://www.jornada.com.mx/rss/politica.xml,"Tue, 23 Sep 2025 09:31:12 GMT",0,No
Presas superan niveles históricos,"La mayor parte de las presas en el país se encuentran por arriba de su promedio histórico, con excepción de las que se encuentran en Baja California, Sonora y Sinaloa, donde la temporada de lluvias no ha sido tan abundante, afirmó la presidenta Claudia Sheinbaum Pardo. Incluso en el sistema Cutzamala hay un mayor nivel de agua, por lo que, a diferencia de los últimos cuatro años, cuando se tenía que restringir el suministro por la escasez, para 2026 no tendrá que acudirse a esta restricción.",https://www.jornada.com.mx/rss/politica.xml,"Tue, 23 Sep 2025 09:31:12 GMT",0,No
Julio Hernández López: Astillero,"En el difícil vaivén entre principios    y pragmatismo, bajo presión incesante de Donald Trump y con necesidad imperiosa de mantener y promover inversiones extranjeras en México, la presidenta Sheinbaum ha salido, tarde y cuando una parte creciente del panorama mundial va siendo propicia, a pronunciar la palabra temporalmente desterrada, “genocidio”, y a reiterar la postura equilibrista de los dos estados, Israel y Palestina.",https://www.jornada.com.mx/rss/politica.xml,"Tue, 23 Sep 2025 09:31:12 GMT",0,No
Panista presenta demanda de juicio político contra Adán Augusto López,"Una demanda de juicio político en contra del senador Adán Augusto López Hernández fue presentada ayer en la Cámara de Diputados por parte de la panista María Elena Pérez Jaén, por presuntos actos y omisiones que favorecieron al crimen organizado cuando fue gobernador de Tabasco, entre enero de 2019 y agosto de 2021.",https://www.jornada.com.mx/rss/politica.xml,"Tue, 23 Sep 2025 09:31:12 GMT",0,No
Proveedora incumplió con entrega de algunos fármacos: Sheinbaum,"La presidenta Claudia Sheinbaum Pardo dio a conocer que algunos de los medicamentos adquiridos para abastecer el sector salud no han sido entregados por incumplimiento de la empresa proveedora, pero afirmó que pese a ello “va avanzando muy bien la distribución” para el IMSS Bienestar.",https://www.jornada.com.mx/rss/politica.xml,"Tue, 23 Sep 2025 09:31:12 GMT",0,No
"Madera, 60 años del inicio de una historia de lucha",,https://www.jornada.com.mx/rss/politica.xml,"Tue, 23 Sep 2025 09:31:12 GMT",0,No
Declaran Sitio de Memoria tumba colectiva,"Por medio de un decreto, la Secretaría de Gobernación declaró Sitio de Memoria la tumba colectiva de miembros del Grupo Popular Guerrillero, quienes atacaron el cuartel militar de Ciudad Madera, Chihuahua, en 1965, hecho que se convirtió en antecedente de la lucha guerrillera en México y marcó el inicio de las guerrillas modernas en el país.",https://www.jornada.com.mx/rss/politica.xml,"Tue, 23 Sep 2025 09:31:12 GMT",0,No
Jubilados en la corte,,https://www.jornada.com.mx/rss/politica.xml,"Tue, 23 Sep 2025 09:31:12 GMT",0,No
"Abel Barrera Hernández*: Pobres, como siempre","El imponente paisaje de la Montaña    de Guerrero contrasta con las hondonadas del olvido y la pobreza abismal de sus pobladores. Son incuantificables los daños que por generaciones han heredado los hijos de la Lluvia y del Fuego. Sólo la siembra del tlacolol los mantiene ocupados dentro de su territorio. La carencia de los servicios básicos ahoga en la miseria a las comunidades rurales, que las condena a cargar con el estigma de su indianidad. La vida en la Montaña se torna insostenible: sin caminos seguros y maltrechos, con cosechas raquíticas, carentes de servicios médicos, con una niñez abandonada, sin agua en sus viviendas, con pisos de tierra y paredes derruidas. Familias que resisten el abandono secular de las autoridades.",https://www.jornada.com.mx/rss/politica.xml,"Tue, 23 Sep 2025 09:31:12 GMT",0,Sí
Víctor M. Toledo: Arturo Gómez-Pompa: principal precursor de la ecología en México,,https://www.jornada.com.mx/rss/politica.xml,"Tue, 23 Sep 2025 09:31:12 GMT",0,No
Resistencia a antibióticos pone en riesgo la vida de 10 millones de personas,"A partir de 2050, se calcula que cada año alrededor de 10 millones de personas podrían morir por infecciones resistentes a los antibióticos, alertó el coordinador del Programa Universitario de Investigación sobre Riesgos Epidemiológicos y Emergentes de la UNAM, Samuel Ponce.",https://www.jornada.com.mx/rss/politica.xml,"Tue, 23 Sep 2025 09:31:12 GMT",0,No
Magdalena Gómez: 11 años sin el paradero de los 43 normalistas de Ayotzinapa,"Desde la noche del 26 de    septiembre de 2014, y la madrugada del día siguiente, se desconoce el paradero de los 43 estudiantes de la Escuela Normal Rural Raúl Isidro Burgos de Ayotzinapa, desaparecidos por los rumbos de Iguala, Guerrero. A 11 años, el saldo es la ausencia de verdad y justicia.",https://www.jornada.com.mx/rss/politica.xml,"Tue, 23 Sep 2025 09:31:12 GMT",0,No
AL y el Caribe apuestan por erradicar conflictos: De la Fuente en la ONU,"América Latina y el Caribe apuestan por la paz y así debe mantenerse, aseguró el canciller mexicano Juan Ramón de la Fuente.",https://www.jornada.com.mx/rss/politica.xml,"Tue, 23 Sep 2025 09:31:12 GMT",0,No
Alumno del CCH Sur asesina a otro estudiante y hiere a un trabajador,"Ayer, alrededor de la una de la tarde se desató un caos dentro del Colegio de Ciencias y Humanidades (CCH) Sur. Gritos, llantos y terror agudizaron la crisis que se vivió en el plantel luego de que un alumno vestido de negro, con capucha y una especie de cubrebocas decorado con una calavera agredió con un arma blanca a otro estudiante, quien perdió la vida en dicho suceso. Un trabajador de limpieza también resultó lesionado de gravedad al intentar detener al agresor.",https://www.jornada.com.mx/rss/politica.xml,"Tue, 23 Sep 2025 09:31:12 GMT",0,No
"Luis Hernández Navarro: Floriberto Díaz, 30 años de su partida","En 1996, en los Altos    de Chiapas, en uno de los más delicados momentos del Diálogo de San Andrés entre zapatistas y el gobierno federal, una banda de niños y jóvenes mixes de Tlahuitoltepec comenzó a tocar la obertura de 1812 de Piotr Ilich Chaikovsky. Estaba separada de las aulas donde las partes sesionaban por el cinturón de paz con el que la sociedad civil resguardaba las conversaciones. Pero, a pesar de la distancia, cañonazos, campanas y fanfarria de metales ocuparon momentáneamente el lugar de las palabras.",https://www.jornada.com.mx/rss/politica.xml,"Tue, 23 Sep 2025 09:31:12 GMT",0,Sí
José Blanco: El elefante,"El consenso sobre el    derrumbe de Estados Unidos (EU) se extiende por el orbe, pero nadie se alegra por ello: hará mucho daño y durará mucho tiempo. Continúa siendo el país más poderoso, pero la velocidad de su descenso es mayor a la del ascenso de China. Existen al menos nueve potencias nucleares; EU es sólo una. Su élite política siempre fue atrabiliaria con el mundo; habla con voz altisonante de la ley, mientras la irrespeta cada día. Lo peor de EU son sus asesinatos: hay pocos países donde no los haya cometido con impudicia. Es un gorila ciego y sordo, y su actual desguace lo ha envilecido aún más.",https://www.jornada.com.mx/rss/politica.xml,"Tue, 23 Sep 2025 09:31:12 GMT",0,No
"Asalto al cuartel de Madera, por la tiranía contra campesinos: informe","El 23 de septiembre de 1965 marcó el inicio de la historia de los grupos guerrilleros que surgieron en México en la segunda mitad del siglo XX. En esa fecha, el Grupo Popular Guerrillero (GPG), integrado por maestros rurales, campesinos, líderes agrarios y estudiantes, llevó a cabo la primera acción antigubernamental armada de carácter socialista: 13 guerrilleros intentaron tomar por asalto el cuartel del Ejército en el municipio de Madera, en la sierra de Chihuahua.",https://www.jornada.com.mx/rss/politica.xml,"Tue, 23 Sep 2025 09:31:12 GMT",0,No
Frágiles políticas de memoria y reparación del daño: víctima,"Chihuahua, Chih., La doctora en historia Alicia de los Ríos, hija de Alicia de los Ríos Merino, integrante de la Liga Comunista 23 de Septiembre, desaparecida en 1978 por agentes del grupo paramilitar Brigada Blanca, difundió una carta pública, en el contexto de la conmemoración de los 60 años del asalto al cuartel de Madera.",https://www.jornada.com.mx/rss/politica.xml,"Tue, 23 Sep 2025 09:31:12 GMT",0,Sí
Subraya Ana Covarrubias el carácter público de  El Colegio de México,"El Colegio de México (Colmex) es una de las instituciones públicas que defiende el conocimiento, la ciencia y la cultura, e incide en el debate y las políticas públicas a través de la investigación de alto nivel, asegura Ana Covarrubias Velasco, nueva presidenta de esta casa de estudios para el periodo 2025-2030, quien enfatizó que uno de sus objetivos será quitar la percepción de que es una escuela privada.",https://www.jornada.com.mx/rss/politica.xml,"Tue, 23 Sep 2025 09:31:12 GMT",0,No
Creará la Corte comités para procesar asuntos,"Como parte de su restructura interna, la SCJN creará comités integrados por ministros y personal técnico que servirán de primera instancia para revisar, depurar, emitir opiniones y buscar consensos sobre los asuntos que reciba el alto tribunal antes de llegar al pleno.",https://www.jornada.com.mx/rss/politica.xml,"Tue, 23 Sep 2025 09:31:12 GMT",0,No
Estudiantes protestan ante cuartel en Iguala; exigen al Ejército dar información de los 43,"Chilpancingo, Gro., Normalistas e integrantes de la Federación de Estudiantes Campesinos Socialistas de México (Fecsm) lanzaron petardos y bombas molotov contra las instalaciones de la 35 Zona Militar, con sede en Chilpancingo, capital del estado.",https://www.jornada.com.mx/rss/politica.xml,"Tue, 23 Sep 2025 09:31:12 GMT",0,No
"Sheinbaum: decidirá la gente en esta reforma electoral, no las cúpulas","A diferencia de otras reformas electorales que se han hecho en la historia del país, ahora es distinto: “ya no son las cúpulas partidarias las que deciden, es la gente”, sostuvo la presidenta Claudia Sheinbaum Pardo.",https://www.jornada.com.mx/rss/politica.xml,"Tue, 23 Sep 2025 09:31:12 GMT",0,No
El clamor internacional es frenar  el genocidio en Gaza: Sheinbaum,"México llevará a la Asamblea General de la Organización de Naciones Unidas un mensaje de paz para Medio Oriente, acorde con la política exterior de nuestro país, sostuvo la presidenta Claudia Sheinbaum, quien condenó el genocidio que se comete contra Gaza: “de acuerdo con la comunidad internacional, de que pare este genocidio en Gaza. Esa es nuestra posición (…) no puede haber una agresión a la población civil como la que está habiendo en este momento”.",https://www.jornada.com.mx/rss/politica.xml,"Tue, 23 Sep 2025 09:31:12 GMT",0,No
"Inaceptables, las políticas de hambre y muerte contra niños y mujeres de la franja: Polonia","La embajadora de Polonia en México, Agnieszka Frydrychowicz-Tekieli, consideró que el presidente de Estados Unidos, Donald Trump, “es el mejor actor” para alcanzar un acuerdo con el líder de la Federación Rusa, Vladimir Putin, que conduzca a la paz en el este de Europa.",https://www.jornada.com.mx/rss/politica.xml,"Tue, 23 Sep 2025 09:31:12 GMT",0,No
